INSERT INTO student (id, first_name, last_name, birth_date) VALUES (1, 'Jermaine', 'Dawton', '9/1/1981');
INSERT INTO student (id, first_name, last_name, birth_date) VALUES (2, 'Dolli', 'Scrivenor', '4/7/1985');
INSERT INTO student (id, first_name, last_name, birth_date) VALUES (3, 'Misti', 'Billingsly', '7/13/1984');
INSERT INTO student (id, first_name, last_name, birth_date) VALUES (4, 'Huntlee', 'Smyth', '7/3/1984');
INSERT INTO student (id, first_name, last_name, birth_date) VALUES (5, 'Leora', 'Tutill', '5/4/1988');
INSERT INTO student (id, first_name, last_name, birth_date) VALUES (6, 'Jennifer', 'Dorran', '4/2/1983');
INSERT INTO student (id, first_name, last_name, birth_date) VALUES (7, 'Dari', 'Schonfelder', '5/19/1980');
INSERT INTO student (id, first_name, last_name, birth_date) VALUES (8, 'Zabrina', 'Cordie', '3/30/1988');
INSERT INTO student (id, first_name, last_name, birth_date) VALUES (9, 'Herby', 'Drinkwater', '4/28/1988');
INSERT INTO student (id, first_name, last_name, birth_date) VALUES (10, 'Ciel', 'Witterick', '7/10/1982');


INSERT INTO contact_info (student_id, email, phone, address, city, state, zip) VALUES (1, 'wruddin0@geocities.com', '616-910-7424', '4 Eastwood Parkway', 'Grand Rapids', 'Michigan', 27854);
INSERT INTO contact_info (student_id, email, phone, address, city, state, zip) VALUES (2, 'fleek1@hugedomains.com', '616-321-0739', '5 Kennedy Way', 'Grand Rapids', 'Michigan', 96047);
INSERT INTO contact_info (student_id, email, phone, address, city, state, zip) VALUES (3, 'wshilston2@wufoo.com', '330-601-7832', '48597 Susan Center', 'Youngstown', 'Ohio', 82717);
INSERT INTO contact_info (student_id, email, phone, address, city, state, zip) VALUES (4, 'dturtle3@cbc.ca', '910-734-9704', '33840 Killdeer Way', 'Wilmington', 'North Carolina', 88359);
INSERT INTO contact_info (student_id, email, phone, address, city, state, zip) VALUES (5, 'tcaldero4@berkeley.edu', '785-565-9415', '83 Superior Trail', 'Topeka', 'Kansas', 88200);
INSERT INTO contact_info (student_id, email, phone, address, city, state, zip) VALUES (6, 'gleopard5@google.co.uk', '513-465-3140', '9 Carioca Street', 'Cincinnati', 'Ohio', 23220);
INSERT INTO contact_info (student_id, email, phone, address, city, state, zip) VALUES (7, 'tdudgeon6@lulu.com', '405-296-9196', '80722 Victoria Trail', 'Oklahoma City', 'Oklahoma', 88568);
INSERT INTO contact_info (student_id, email, phone, address, city, state, zip) VALUES (8, 'ayitzhak7@google.de', '806-689-6924', '873 Old Gate Crossing', 'Lubbock', 'Texas', 39816);
INSERT INTO contact_info (student_id, email, phone, address, city, state, zip) VALUES (9, 'ihallgath8@pen.io', '678-245-1565', '8270 Bayside Pass', 'Norcross', 'Georgia', 84892);
INSERT INTO contact_info (student_id, email, phone, address, city, state, zip) VALUES (10, 'ilumsdale9@mapquest.com', '408-124-4710', '53 Namekagon Court', 'San Jose', 'California', 98337);


INSERT INTO instructor (id, first_name, last_name) VALUES (1, 'Alverta', 'Allcoat');
INSERT INTO instructor (id, first_name, last_name) VALUES (2, 'Sergio', 'De la Zenne');
INSERT INTO instructor (id, first_name, last_name) VALUES (3, 'Paulita', 'Pagett');
INSERT INTO instructor (id, first_name, last_name) VALUES (4, 'Rafi', 'Matson');
INSERT INTO instructor (id, first_name, last_name) VALUES (5, 'Rene', 'Fry');
INSERT INTO instructor (id, first_name, last_name) VALUES (6, 'Weber', 'Noden');
INSERT INTO instructor (id, first_name, last_name) VALUES (7, 'Devlen', 'Waleworke');
INSERT INTO instructor (id, first_name, last_name) VALUES (8, 'Iolanthe', 'Schwieso');
INSERT INTO instructor (id, first_name, last_name) VALUES (9, 'Mariel', 'Scranny');
INSERT INTO instructor (id, first_name, last_name) VALUES (10, 'Homer', 'Gravatt');

INSERT INTO course (id, name, instructor_id) VALUES (1, 'Black Digital Studies', 1);
INSERT INTO course (id, name, instructor_id) VALUES (2, 'Computational Methods For Data Analysis', 2);
INSERT INTO course (id, name, instructor_id) VALUES (3, 'Technologies Of Health', 3);
INSERT INTO course (id, name, instructor_id) VALUES (4, 'Anthropology Of Science And Technology', 4);
INSERT INTO course (id, name, instructor_id) VALUES (5, 'Introduction To Archaeological Data Science', 5);
INSERT INTO course (id, name, instructor_id) VALUES (6, 'Exploring Graffiti: Combining Landscape Archaeology And Data Science', 6);
INSERT INTO course (id, name, instructor_id) VALUES (7, 'Archaeological GIS', 7);
INSERT INTO course (id, name, instructor_id) VALUES (8, 'Archaeological Data Visualization', 8);
INSERT INTO course (id, name, instructor_id) VALUES (9, 'Computational Quantitative Methods In Archaeology', 9);
INSERT INTO course (id, name, instructor_id) VALUES (10, 'Introduction To Programming For Astronomical Applications', 10);
INSERT INTO course (id, name, instructor_id) VALUES (11, 'Introduction To Astrostatistics And Machine Learning In Astronomy', 1);
INSERT INTO course (id, name, instructor_id) VALUES (12, 'Human Biological Diversity: Sports, Movement, And Activity', 2);
INSERT INTO course (id, name, instructor_id) VALUES (13, 'Applied Biomechanics Of Human Movement', 3);
INSERT INTO course (id, name, instructor_id) VALUES (14, 'Anthropological Research On Health Disparities', 4);
INSERT INTO course (id, name, instructor_id) VALUES (15, 'Social Networks And Health: Biocultural Perspectives', 5);
INSERT INTO course (id, name, instructor_id) VALUES (16, 'Applied Human Growth And Development', 6);
INSERT INTO course (id, name, instructor_id) VALUES (17, 'Data Reasoning In A Digital World', 7);
INSERT INTO course (id, name, instructor_id) VALUES (18, 'Foundations In Quantitative Biology', 8);
INSERT INTO course (id, name, instructor_id) VALUES (19, 'Data Science For Biologists', 9);
INSERT INTO course (id, name, instructor_id) VALUES (20, 'Regression Methods In The Health Sciences', 10);

INSERT INTO student_course (course_id, student_id, rating) VALUES (1, 1, 4);
INSERT INTO student_course (course_id, student_id, rating) VALUES (2, 1, 1);
INSERT INTO student_course (course_id, student_id, rating) VALUES (3, 1, 4);
INSERT INTO student_course (course_id, student_id, rating) VALUES (4, 1, 1);
INSERT INTO student_course (course_id, student_id, rating) VALUES (5, 1, 4);
INSERT INTO student_course (course_id, student_id, rating) VALUES (6, 1, 4);
INSERT INTO student_course (course_id, student_id, rating) VALUES (7, 1, 1);
INSERT INTO student_course (course_id, student_id, rating) VALUES (8, 1, 2);
INSERT INTO student_course (course_id, student_id, rating) VALUES (9, 1, 5);
INSERT INTO student_course (course_id, student_id, rating) VALUES (10, 1, 3);
INSERT INTO student_course (course_id, student_id, rating) VALUES (1, 2, 2);
INSERT INTO student_course (course_id, student_id, rating) VALUES (2, 2, 5);
INSERT INTO student_course (course_id, student_id, rating) VALUES (3, 2, 5);
INSERT INTO student_course (course_id, student_id, rating) VALUES (4, 2, 1);
INSERT INTO student_course (course_id, student_id, rating) VALUES (5, 2, 4);
INSERT INTO student_course (course_id, student_id, rating) VALUES (6, 2, 1);
INSERT INTO student_course (course_id, student_id, rating) VALUES (7, 2, 2);
INSERT INTO student_course (course_id, student_id, rating) VALUES (8, 2, 1);
INSERT INTO student_course (course_id, student_id, rating) VALUES (9, 2, 5);
INSERT INTO student_course (course_id, student_id, rating) VALUES (10, 2, 1);

--INSERT INTO course_rating (course_id, student_id, rating) VALUES (1, 1, 4);
--INSERT INTO course_rating (course_id, student_id, rating) VALUES (2, 1, 1);
--INSERT INTO course_rating (course_id, student_id, rating) VALUES (3, 1, 4);
--INSERT INTO course_rating (course_id, student_id, rating) VALUES (4, 1, 1);
--INSERT INTO course_rating (course_id, student_id, rating) VALUES (5, 1, 4);
--INSERT INTO course_rating (course_id, student_id, rating) VALUES (6, 1, 4);
--INSERT INTO course_rating (course_id, student_id, rating) VALUES (7, 1, 1);
--INSERT INTO course_rating (course_id, student_id, rating) VALUES (8, 1, 2);
--INSERT INTO course_rating (course_id, student_id, rating) VALUES (9, 1, 5);
--INSERT INTO course_rating (course_id, student_id, rating) VALUES (10, 1, 3);
--INSERT INTO course_rating (course_id, student_id, rating) VALUES (1, 2, 2);
--INSERT INTO course_rating (course_id, student_id, rating) VALUES (2, 2, 5);
--INSERT INTO course_rating (course_id, student_id, rating) VALUES (3, 2, 5);
--INSERT INTO course_rating (course_id, student_id, rating) VALUES (4, 2, 1);
--INSERT INTO course_rating (course_id, student_id, rating) VALUES (5, 2, 4);
--INSERT INTO course_rating (course_id, student_id, rating) VALUES (6, 2, 1);
--INSERT INTO course_rating (course_id, student_id, rating) VALUES (7, 2, 2);
--INSERT INTO course_rating (course_id, student_id, rating) VALUES (8, 2, 1);
--INSERT INTO course_rating (course_id, student_id, rating) VALUES (9, 2, 5);
--INSERT INTO course_rating (course_id, student_id, rating) VALUES (10, 2, 1);